Id,Type,Code,Name,KieuSo,KieuSo1,KieuSo2,KieuSo3,KieuChu,KieuChu1,KieuChu2,KieuChu3,KieuNgay,KieuNgay1,Status,IsPrgCreatedDate,IsPrgUpdatedDate,IsPrgCreatedUserId,IsPrgUpdatedUserId
1,NULL,NULL,Áo mưa ( អាវភ្លឿង ),NULL,NULL,NULL,NULL,NULL,NULL,NULL,NULL,NULL,NULL,1,2017-02-10 17:04:40.417,2018-12-03 20:29:50.520,1,5
2,NULL,NULL,Bao nilong,NULL,NULL,NULL,NULL,NULL,NULL,NULL,NULL,NULL,NULL,1,2017-02-14 16:03:57.563,2018-12-03 20:29:44.453,1,5
3,NULL,NULL,bao bi,NULL,NULL,NULL,NULL,NULL,NULL,NULL,NULL,NULL,NULL,1,2017-02-14 18:22:40.450,2018-12-03 20:29:42.050,1,5
4,NULL,NULL,bao bi,NULL,NULL,NULL,NULL,NULL,NULL,NULL,NULL,NULL,NULL,1,2017-02-14 18:22:51.887,2018-12-03 20:29:39.187,1,5
5,NULL,NULL,PE​ខ្មៅល្អ​ (PE đen tốt) 9x18,NULL,NULL,NULL,NULL,NULL,NULL,NULL,NULL,NULL,NULL,1,2017-02-19 13:06:28.827,2019-06-27 17:37:17.213,3,3
6,NULL,NULL,PE màu 50x80,NULL,NULL,NULL,NULL,NULL,NULL,NULL,NULL,NULL,NULL,1,2017-02-19 13:06:44.303,2018-12-03 20:29:36.450,3,5
7,NULL,NULL,HD đen,NULL,NULL,NULL,NULL,NULL,NULL,NULL,NULL,NULL,NULL,1,2017-02-19 13:07:01.397,NULL,3,NULL
8,NULL,NULL,HD đen gai,NULL,NULL,NULL,NULL,NULL,NULL,NULL,NULL,NULL,NULL,1,2017-02-19 13:07:15.590,NULL,3,NULL
9,NULL,NULL,Quai xoài in,NULL,NULL,NULL,NULL,NULL,NULL,NULL,NULL,NULL,NULL,1,2017-02-19 13:07:50.893,NULL,3,NULL
10,NULL,NULL,Quai xoài màu,NULL,NULL,NULL,NULL,NULL,NULL,NULL,NULL,NULL,NULL,1,2017-02-19 13:08:07.457,NULL,3,NULL
11,NULL,NULL,OPP,NULL,NULL,NULL,NULL,NULL,NULL,NULL,NULL,NULL,NULL,1,2017-02-19 13:08:22.360,NULL,3,NULL
12,NULL,NULL,PP,NULL,NULL,NULL,NULL,NULL,NULL,NULL,NULL,NULL,NULL,1,2017-02-19 13:08:29.160,NULL,3,NULL
13,NULL,NULL,PE,NULL,NULL,NULL,NULL,NULL,NULL,NULL,NULL,NULL,NULL,1,2017-02-19 13:08:36.903,NULL,3,NULL
14,NULL,NULL,Túi PP in voi,NULL,NULL,NULL,NULL,NULL,NULL,NULL,NULL,NULL,NULL,1,2017-02-19 13:08:57.647,NULL,3,NULL
15,NULL,NULL,Hai quai in,NULL,NULL,NULL,NULL,NULL,NULL,NULL,NULL,NULL,NULL,1,2017-02-19 13:09:12.870,NULL,3,NULL
16,NULL,NULL,Trắng zin loại I ( ស zin I) 8x15,NULL,NULL,NULL,NULL,NULL,NULL,NULL,NULL,NULL,NULL,1,2017-02-19 13:09:34.207,2019-03-12 19:43:18.740,3,3
17,NULL,NULL,អាវភ្លៀងថាញឡុង (áo mưa TL),NULL,NULL,NULL,NULL,NULL,NULL,NULL,NULL,NULL,NULL,1,2017-02-19 13:09:44.423,2019-06-28 10:59:26.427,3,3
18,NULL,NULL,ស្រោមដៃ (bao tay),NULL,NULL,NULL,NULL,NULL,NULL,NULL,NULL,NULL,NULL,1,2017-02-19 13:10:00.823,2019-06-27 18:19:41.897,3,3
19,NULL,NULL,ខ្សែនីឡុងស​ (dây Nylon),NULL,NULL,NULL,NULL,NULL,NULL,NULL,NULL,NULL,NULL,1,2017-02-19 13:10:10.560,2019-06-28 09:22:03.623,3,3
20,NULL,NULL,Cà phê Quang Cường,NULL,NULL,NULL,NULL,NULL,NULL,NULL,NULL,NULL,NULL,1,2017-02-19 13:10:28.137,NULL,3,NULL
21,NULL,NULL,Cà phê Thanh Nam,NULL,NULL,NULL,NULL,NULL,NULL,NULL,NULL,NULL,NULL,1,2017-02-19 13:10:35.507,NULL,3,NULL
22,NULL,NULL,Cà phê Sơn Tùng,NULL,NULL,NULL,NULL,NULL,NULL,NULL,NULL,NULL,NULL,1,2017-02-19 13:10:44.817,NULL,3,NULL
23,NULL,NULL,Trắng zin(ស zin) 14x24,NULL,NULL,NULL,NULL,NULL,NULL,NULL,NULL,NULL,NULL,1,2017-02-19 13:17:09.737,2017-05-18 16:56:44.510,NULL,7
24,NULL,NULL,Trắng zin (ស zin)16x28,NULL,NULL,NULL,NULL,NULL,NULL,NULL,NULL,NULL,NULL,1,2017-02-19 13:17:37.850,2017-05-18 16:57:10.383,NULL,7
25,NULL,NULL,PE​ខ្មៅល្អ​ (PE đen tốt) 8x15,NULL,NULL,NULL,NULL,NULL,NULL,NULL,NULL,NULL,NULL,1,2017-02-19 13:20:48.210,2019-06-27 17:42:51.567,NULL,3
26,NULL,NULL,PE​ខ្មៅល្អ​ (PE đen tốt) 14x24,NULL,NULL,NULL,NULL,NULL,NULL,NULL,NULL,NULL,NULL,1,2017-02-19 13:20:57.670,2019-06-28 16:55:31.397,NULL,3
27,NULL,NULL,PEខ្មៅល្អ​ (PE đen tốt) 6x14,NULL,NULL,NULL,NULL,NULL,NULL,NULL,NULL,NULL,NULL,1,2017-02-19 13:21:07.680,2019-06-27 17:40:05.293,NULL,3
28,NULL,NULL,PE​ខ្មៅល្អ​ (PE đen tốt) 12x20,NULL,NULL,NULL,NULL,NULL,NULL,NULL,NULL,NULL,NULL,1,2017-02-19 13:21:17.833,2019-06-27 17:36:40.337,NULL,3
29,NULL,NULL,PEខ្មៅល្អ (PE đen tốt) 14x24,NULL,NULL,NULL,NULL,NULL,NULL,NULL,NULL,NULL,NULL,1,2017-02-19 13:21:27.277,2019-06-27 17:35:48.090,NULL,3
30,NULL,NULL,PEពណ៏zin (PE màu zin) 8x15,NULL,NULL,NULL,NULL,NULL,NULL,NULL,NULL,NULL,NULL,1,2017-02-19 13:21:38.430,2019-06-27 17:57:14.583,NULL,3
31,NULL,NULL,PEខ្មៅល្អ​ (PE đen tốt) 20x30,NULL,NULL,NULL,NULL,NULL,NULL,NULL,NULL,NULL,NULL,1,2017-02-19 13:22:20.190,2019-06-27 17:33:54.670,NULL,3
32,NULL,NULL,PE màu (ពណ៏ zin)6x11,NULL,NULL,NULL,NULL,NULL,NULL,NULL,NULL,NULL,NULL,1,2017-02-19 14:08:16.077,2017-05-18 16:39:31.183,3,7
33,NULL,NULL,PE màu(ពណ៏ zin) 6x14,NULL,NULL,NULL,NULL,NULL,NULL,NULL,NULL,NULL,NULL,1,2017-02-19 14:08:25.147,2017-05-18 16:40:32.713,3,7
34,NULL,NULL,PE màu(ពណ៏ zin) 8x15,NULL,NULL,NULL,NULL,NULL,NULL,NULL,NULL,NULL,NULL,1,2017-02-19 14:08:33.957,2017-05-18 16:41:09.253,3,7
35,NULL,NULL,PE màu(ពណ៏ zin) 9x18,NULL,NULL,NULL,NULL,NULL,NULL,NULL,NULL,NULL,NULL,1,2017-02-19 14:08:43.383,2017-05-18 16:41:35.760,3,7
36,NULL,NULL,PE màu(ពណ៏ zin) 12x20,NULL,NULL,NULL,NULL,NULL,NULL,NULL,NULL,NULL,NULL,1,2017-02-19 14:08:54.010,2017-05-18 16:42:07.963,3,7
37,NULL,NULL,PE màu(ពណ៏ zin) 14x24,NULL,NULL,NULL,NULL,NULL,NULL,NULL,NULL,NULL,NULL,1,2017-02-19 14:09:03.203,2017-05-18 16:42:35.750,3,7
38,NULL,NULL,PE màu (ពណ៏ zin)16x28,NULL,NULL,NULL,NULL,NULL,NULL,NULL,NULL,NULL,NULL,1,2017-02-19 14:09:12.587,2017-05-18 16:43:07.087,3,7
39,NULL,NULL,Quai xoài in(Q រូបថី្ម) 20x30,NULL,NULL,NULL,NULL,NULL,NULL,NULL,NULL,NULL,NULL,1,2017-02-21 19:48:54.630,2018-12-04 16:43:02.787,3,5
40,NULL,NULL,Quai xoài in(Q រូបថី្ម) 25x38,NULL,NULL,NULL,NULL,NULL,NULL,NULL,NULL,NULL,NULL,1,2017-02-21 19:49:19.677,2018-12-04 16:47:02.317,3,5
41,NULL,NULL,Quai xoài in(Q រូបថី្ម) 30x45,NULL,NULL,NULL,NULL,NULL,NULL,NULL,NULL,NULL,NULL,1,2017-02-21 19:49:27.507,2018-12-04 16:48:30.533,3,5
42,NULL,NULL,ដៃកណ្ដាលរូប​ (QX in) 35x50,NULL,NULL,NULL,NULL,NULL,NULL,NULL,NULL,NULL,NULL,1,2017-02-21 19:49:38.483,2019-06-26 19:38:09.993,3,3
43,NULL,NULL,Quai xoài in(Q រូបថី្ម) 15x23,NULL,NULL,NULL,NULL,NULL,NULL,NULL,NULL,NULL,NULL,1,2017-02-21 19:49:47.387,2018-12-04 16:36:34.920,3,5
44,NULL,NULL,Quai xoài tím 40,NULL,NULL,NULL,NULL,NULL,NULL,NULL,NULL,NULL,NULL,1,2017-02-21 20:13:13.977,NULL,3,NULL
45,NULL,NULL,OPP 12x32,NULL,NULL,NULL,NULL,NULL,NULL,NULL,NULL,NULL,NULL,1,2017-02-21 20:13:39.697,2018-12-03 20:29:26.710,3,5
46,NULL,NULL,PEខ្មៅ​ល្អ (PE đen tốt) 70x120,NULL,NULL,NULL,NULL,NULL,NULL,NULL,NULL,NULL,NULL,1,2017-02-21 20:21:37.127,2019-06-27 17:41:40.840,3,3
47,NULL,NULL,PEខ្មៅល្អ (PE đen tốt)60x100,NULL,NULL,NULL,NULL,NULL,NULL,NULL,NULL,NULL,NULL,1,2017-02-21 20:22:13.220,2019-06-27 17:34:55.213,3,3
48,NULL,NULL,PE đen 70,NULL,NULL,NULL,NULL,NULL,NULL,NULL,NULL,NULL,NULL,1,2017-02-21 20:22:48.940,2018-12-03 20:29:24.110,3,5
49,NULL,NULL,Trắng zin(ស zin) 4x8,NULL,NULL,NULL,NULL,NULL,NULL,NULL,NULL,NULL,NULL,1,2017-02-23 18:13:30.950,2017-05-18 16:57:49.610,3,7
50,NULL,NULL,Trắng zin(ស zin) 5x9,NULL,NULL,NULL,NULL,NULL,NULL,NULL,NULL,NULL,NULL,1,2017-02-23 18:13:50.433,2017-05-18 16:58:12.413,3,7
51,NULL,NULL,Trắng zin loại I(ស zin I) 6x11,NULL,NULL,NULL,NULL,NULL,NULL,NULL,NULL,NULL,NULL,1,2017-02-23 18:14:39.250,2018-12-04 14:36:56.530,3,5
52,NULL,NULL,Trắng zin loại I (ស zin I) 6x14,NULL,NULL,NULL,NULL,NULL,NULL,NULL,NULL,NULL,NULL,1,2017-02-23 18:14:55.630,2018-12-04 14:39:12.063,3,5
53,NULL,NULL,Trắng zin loại I (ស zin I) 12x20,NULL,NULL,NULL,NULL,NULL,NULL,NULL,NULL,NULL,NULL,1,2017-02-23 18:15:37.533,2018-12-04 14:52:09.043,3,5
54,NULL,NULL,Trắng zin(ស zin) 20x30,NULL,NULL,NULL,NULL,NULL,NULL,NULL,NULL,NULL,NULL,1,2017-02-23 18:16:10.327,2017-05-18 16:59:47.667,3,7
55,NULL,NULL,Trắng zin(ស zin) 60x100,NULL,NULL,NULL,NULL,NULL,NULL,NULL,NULL,NULL,NULL,1,2017-02-23 18:16:24.570,2017-05-18 17:00:05.973,3,7
56,NULL,NULL,Trắng zin loại I (ស zin I) 9x18,NULL,NULL,NULL,NULL,NULL,NULL,NULL,NULL,NULL,NULL,1,2017-02-23 18:16:41.550,2018-12-04 14:41:29.177,3,5
57,NULL,NULL,2 QUAI TÍM ( ថង់ ស្វាយ ) 60x100,NULL,NULL,NULL,NULL,NULL,NULL,NULL,NULL,NULL,NULL,1,2017-02-23 18:32:48.313,2017-05-18 17:24:06.967,3,7
58,NULL,NULL,ខ្មៅHD (đen HD) 70x120,NULL,NULL,NULL,NULL,NULL,NULL,NULL,NULL,NULL,NULL,1,2017-02-23 18:33:12.920,2019-06-28 09:29:19.333,3,3
59,NULL,NULL,2 Quai in (ពុម្ព)9x18,NULL,NULL,NULL,NULL,NULL,NULL,NULL,NULL,NULL,NULL,1,2017-02-23 18:33:34.853,2017-05-18 17:18:54.173,3,7
60,NULL,NULL,2 QUAI IN (ពុម្ព)12x20,NULL,NULL,NULL,NULL,NULL,NULL,NULL,NULL,NULL,NULL,1,2017-02-23 18:33:53.383,2017-05-18 17:19:45.823,3,7
61,NULL,NULL,QUAI XOÀI IN 15x23,NULL,NULL,NULL,NULL,NULL,NULL,NULL,NULL,NULL,NULL,1,2017-02-23 18:58:33.937,2018-12-03 20:29:12.760,3,5
62,NULL,NULL,QUAI XOÀI IN 17x26,NULL,NULL,NULL,NULL,NULL,NULL,NULL,NULL,NULL,NULL,1,2017-02-23 19:00:28.090,2018-12-04 16:33:04.090,3,5
63,NULL,NULL,ដៃកណ្ដាលរូប​ (QX in) 20x30,NULL,NULL,NULL,NULL,NULL,NULL,NULL,NULL,NULL,NULL,1,2017-02-23 19:00:59.190,2019-06-26 19:40:53.200,3,3
64,NULL,NULL,ដៃកណ្ដាលរូប​ (QX in) 25x38,NULL,NULL,NULL,NULL,NULL,NULL,NULL,NULL,NULL,NULL,1,2017-02-23 19:04:39.493,2019-06-26 19:40:25.313,3,3
65,NULL,NULL,ដៃកណ្ដាលរូប​ (QX in) 30x50,NULL,NULL,NULL,NULL,NULL,NULL,NULL,NULL,NULL,NULL,1,2017-02-23 19:04:51.150,2019-06-28 13:43:57.930,3,3
66,NULL,NULL,ដៃកណ្ដាលរូប​ (QX in) 35x50,NULL,NULL,NULL,NULL,NULL,NULL,NULL,NULL,NULL,NULL,1,2017-02-23 19:05:20.657,2019-06-26 19:35:59.217,3,3
67,NULL,NULL,QUAI XOÀI TRẮNG (ដៃកណ្ដាលស)15x25,NULL,NULL,NULL,NULL,NULL,NULL,NULL,NULL,NULL,NULL,1,2017-02-23 19:05:48.433,2017-05-18 17:33:30.300,3,7
68,NULL,NULL,ដៃកណ្ដាលស (QX trắng) 40x60,NULL,NULL,NULL,NULL,NULL,NULL,NULL,NULL,NULL,NULL,1,2017-02-23 19:06:02.183,2019-06-27 19:13:11.690,3,3
69,NULL,NULL,ដៃកណ្ដាលស (QX trắng) 35x50,NULL,NULL,NULL,NULL,NULL,NULL,NULL,NULL,NULL,NULL,1,2017-02-23 19:06:14.070,2019-06-27 19:12:37.637,3,3
70,NULL,NULL,ដៃកណ្ដាលស (QX trắng) 30x45,NULL,NULL,NULL,NULL,NULL,NULL,NULL,NULL,NULL,NULL,1,2017-02-23 19:06:37.570,2019-06-27 19:08:01.623,3,3
71,NULL,NULL,ដៃកណ្ដាលស (QX trắng) 25x38,NULL,NULL,NULL,NULL,NULL,NULL,NULL,NULL,NULL,NULL,1,2017-02-23 19:06:48.770,2019-06-27 19:07:33.087,3,3
72,NULL,NULL,ដៃកណ្ដាលស (QX trắng) 20x30,NULL,NULL,NULL,NULL,NULL,NULL,NULL,NULL,NULL,NULL,1,2017-02-23 19:07:12.523,2019-06-27 19:06:54.257,3,3
73,NULL,NULL,ដៃកណ្ដាលស (QX trắng) 17x26,NULL,NULL,NULL,NULL,NULL,NULL,NULL,NULL,NULL,NULL,1,2017-02-23 19:07:22.917,2019-06-27 19:05:42.970,3,3
74,NULL,NULL,QUAI XOÀI MÀU (ដៃកណ្ដាលពណ៏)15x23,NULL,NULL,NULL,NULL,NULL,NULL,NULL,NULL,NULL,NULL,1,2017-02-23 19:07:49.770,2017-05-18 17:37:46.337,3,7
75,NULL,NULL,QUAI XOÀI MÀU (ដៃកណ្ដាលពណ៏)17x26,NULL,NULL,NULL,NULL,NULL,NULL,NULL,NULL,NULL,NULL,1,2017-02-23 19:08:00.360,2017-05-18 17:38:09.450,3,7
76,NULL,NULL,QUAI XOÀI MÀU (ដៃកណ្ដាលពណ៏)20x30,NULL,NULL,NULL,NULL,NULL,NULL,NULL,NULL,NULL,NULL,1,2017-02-23 19:08:23.923,2017-05-18 17:38:32.910,3,7
77,NULL,NULL,QUAI XOÀI MÀU (ដៃកណ្ដាលពណ៏)25x38,NULL,NULL,NULL,NULL,NULL,NULL,NULL,NULL,NULL,NULL,1,2017-02-23 19:08:34.980,2017-05-18 17:38:57.873,3,7
78,NULL,NULL,ដៃកណ្ដាលពណ៏ (QX màu) 40x60,NULL,NULL,NULL,NULL,NULL,NULL,NULL,NULL,NULL,NULL,1,2017-02-23 19:08:48.450,2019-06-27 19:00:43.683,3,3
79,NULL,NULL,ដៃកណ្ដាលពណ៏ (QX màu) 35x50,NULL,NULL,NULL,NULL,NULL,NULL,NULL,NULL,NULL,NULL,1,2017-02-23 19:09:11.323,2019-06-27 19:00:03.430,3,3
80,NULL,NULL,ដៃកណ្ដាលពណ៏ (QX màu) 30x45,NULL,NULL,NULL,NULL,NULL,NULL,NULL,NULL,NULL,NULL,1,2017-02-23 19:09:22.507,2019-06-27 18:58:59.570,3,3
81,NULL,NULL,OPP 10x32,NULL,NULL,NULL,NULL,NULL,NULL,NULL,NULL,NULL,NULL,1,2017-02-23 19:19:40.313,2017-02-23 19:25:11.577,3,3
82,NULL,NULL,OPP 11x32,NULL,NULL,NULL,NULL,NULL,NULL,NULL,NULL,NULL,NULL,1,2017-02-23 19:19:52.257,NULL,3,NULL
83,NULL,NULL,OPP 12x32,NULL,NULL,NULL,NULL,NULL,NULL,NULL,NULL,NULL,NULL,1,2017-02-23 19:20:45.213,2017-04-01 17:15:38.473,3,4
84,NULL,NULL,OPP 13x32,NULL,NULL,NULL,NULL,NULL,NULL,NULL,NULL,NULL,NULL,1,2017-02-23 19:20:59.400,2017-02-23 19:25:38.010,3,3
85,NULL,NULL,OPP 14x32,NULL,NULL,NULL,NULL,NULL,NULL,NULL,NULL,NULL,NULL,1,2017-02-23 19:21:19.357,2017-02-23 19:25:49.513,3,3
86,NULL,NULL,OPP 15x32,NULL,NULL,NULL,NULL,NULL,NULL,NULL,NULL,NULL,NULL,1,2017-02-23 19:21:27.573,2017-02-23 19:26:00.937,3,3
87,NULL,NULL,OPP 16x32,NULL,NULL,NULL,NULL,NULL,NULL,NULL,NULL,NULL,NULL,1,2017-02-23 19:21:36.290,2017-02-23 19:26:12.083,3,3
88,NULL,NULL,OPP 17x29,NULL,NULL,NULL,NULL,NULL,NULL,NULL,NULL,NULL,NULL,1,2017-02-23 19:21:45.403,2018-03-11 10:57:29.097,3,5
89,NULL,NULL,OPP 18x32,NULL,NULL,NULL,NULL,NULL,NULL,NULL,NULL,NULL,NULL,1,2017-02-23 19:21:53.770,2017-02-23 19:26:35.920,3,3
90,NULL,NULL,OPP 19x32,NULL,NULL,NULL,NULL,NULL,NULL,NULL,NULL,NULL,NULL,1,2017-02-23 19:22:02.707,2017-02-23 19:25:00.043,3,3
91,NULL,NULL,OPP 10.5x29,NULL,NULL,NULL,NULL,NULL,NULL,NULL,NULL,NULL,NULL,1,2017-02-23 19:23:05.320,NULL,3,NULL
92,NULL,NULL,OPP 11.5x29,NULL,NULL,NULL,NULL,NULL,NULL,NULL,NULL,NULL,NULL,1,2017-02-23 19:23:15.077,NULL,3,NULL
93,NULL,NULL,OPP 12.5x29,NULL,NULL,NULL,NULL,NULL,NULL,NULL,NULL,NULL,NULL,1,2017-02-23 19:23:24.690,NULL,3,NULL
94,NULL,NULL,OPP 13.5x29,NULL,NULL,NULL,NULL,NULL,NULL,NULL,NULL,NULL,NULL,1,2017-02-23 19:23:34.210,NULL,3,NULL
95,NULL,NULL,OPP 14.5x29,NULL,NULL,NULL,NULL,NULL,NULL,NULL,NULL,NULL,NULL,1,2017-02-23 19:23:58.340,NULL,3,NULL
96,NULL,NULL,OPP 15.5x29,NULL,NULL,NULL,NULL,NULL,NULL,NULL,NULL,NULL,NULL,1,2017-02-23 19:24:06.547,NULL,3,NULL
97,NULL,NULL,OPP 16.5x29,NULL,NULL,NULL,NULL,NULL,NULL,NULL,NULL,NULL,NULL,1,2017-02-23 19:24:18.090,NULL,3,NULL
98,NULL,NULL,OPP 17.5x29,NULL,NULL,NULL,NULL,NULL,NULL,NULL,NULL,NULL,NULL,1,2017-02-23 19:24:33.840,NULL,3,NULL
99,NULL,NULL,OPP 18.5x29,NULL,NULL,NULL,NULL,NULL,NULL,NULL,NULL,NULL,NULL,1,2017-02-23 19:24:51.263,NULL,3,NULL
100,NULL,NULL,ដៃកណ្ដាលរូប​ (QX in) 17x26,NULL,NULL,NULL,NULL,NULL,NULL,NULL,NULL,NULL,NULL,1,2017-02-23 19:30:17.837,2019-06-28 13:24:52.173,3,3
101,NULL,NULL,ថង់ស្រួយ​ (PP) 10x18,NULL,NULL,NULL,NULL,NULL,NULL,NULL,NULL,NULL,NULL,1,2017-02-23 20:03:44.190,2019-06-27 15:52:19.960,3,3
102,NULL,NULL,ថង់ស្រួយ​ (PP) 11x18,NULL,NULL,NULL,NULL,NULL,NULL,NULL,NULL,NULL,NULL,1,2017-02-23 20:03:53.643,2019-06-27 15:50:34.637,3,3
103,NULL,NULL,PP 12x20,NULL,NULL,NULL,NULL,NULL,NULL,NULL,NULL,NULL,NULL,1,2017-02-23 20:04:48.547,NULL,3,NULL
104,NULL,NULL,PP 13x23,NULL,NULL,NULL,NULL,NULL,NULL,NULL,NULL,NULL,NULL,1,2017-02-23 20:05:03.060,NULL,3,NULL
105,NULL,NULL,ថង់ស្រួយ​ (PP) 15x25,NULL,NULL,NULL,NULL,NULL,NULL,NULL,NULL,NULL,NULL,1,2017-02-23 20:05:12.913,2019-06-27 15:50:17.320,3,3
106,NULL,NULL,ថង់ស្រួយ​ (PP) 17x27,NULL,NULL,NULL,NULL,NULL,NULL,NULL,NULL,NULL,NULL,1,2017-02-23 20:05:25.833,2019-06-27 15:52:48.243,3,3
107,NULL,NULL,PP 20x30 (2.5C),NULL,NULL,NULL,NULL,NULL,NULL,NULL,NULL,NULL,NULL,1,2017-02-23 20:08:21.423,2017-02-23 21:06:55.303,3,3
108,NULL,NULL,ថង់ស្រួយ​ (PP) 22x35,NULL,NULL,NULL,NULL,NULL,NULL,NULL,NULL,NULL,NULL,1,2017-02-23 20:08:33.167,2019-06-27 15:50:01.137,3,3
109,NULL,NULL,ថង់ស្រួយ​ (PP) 22x67,NULL,NULL,NULL,NULL,NULL,NULL,NULL,NULL,NULL,NULL,1,2017-02-23 20:08:43.900,2019-06-27 15:49:47.803,3,3
110,NULL,NULL,PP 30x45,NULL,NULL,NULL,NULL,NULL,NULL,NULL,NULL,NULL,NULL,1,2017-02-23 20:08:55.077,NULL,3,NULL
111,NULL,NULL,PP 35x50,NULL,NULL,NULL,NULL,NULL,NULL,NULL,NULL,NULL,NULL,1,2017-02-23 20:09:07.140,NULL,3,NULL
112,NULL,NULL,ថង់ស្រួយ​ (PP) 35x55,NULL,NULL,NULL,NULL,NULL,NULL,NULL,NULL,NULL,NULL,1,2017-02-23 20:09:19.070,2019-06-27 15:51:22.233,3,3
113,NULL,NULL,PP 40x60,NULL,NULL,NULL,NULL,NULL,NULL,NULL,NULL,NULL,NULL,1,2017-02-23 20:09:30.670,NULL,3,NULL
114,NULL,NULL,PP 40x65,NULL,NULL,NULL,NULL,NULL,NULL,NULL,NULL,NULL,NULL,1,2017-02-23 20:09:44.443,NULL,3,NULL
115,NULL,NULL,ថង់ស្រួយ​ (PP) 50x80,NULL,NULL,NULL,NULL,NULL,NULL,NULL,NULL,NULL,NULL,1,2017-02-23 20:09:55.087,2019-06-27 15:49:26.667,3,3
116,NULL,NULL,ថង់ស្រួយ​ (PP)​​ 50x75,NULL,NULL,NULL,NULL,NULL,NULL,NULL,NULL,NULL,NULL,1,2017-02-23 20:10:08.410,2019-06-27 15:49:05.010,3,3
117,NULL,NULL,PP 60x100,NULL,NULL,NULL,NULL,NULL,NULL,NULL,NULL,NULL,NULL,1,2017-02-23 20:10:26.173,NULL,3,NULL
118,NULL,NULL,PP 43x73,NULL,NULL,NULL,NULL,NULL,NULL,NULL,NULL,NULL,NULL,1,2017-02-23 20:10:41.127,NULL,3,NULL
119,NULL,NULL,PP 35x118,NULL,NULL,NULL,NULL,NULL,NULL,NULL,NULL,NULL,NULL,1,2017-02-23 20:11:00.487,NULL,3,NULL
120,NULL,NULL,ថង់ស្រួយ​ (PP) 25x39,NULL,NULL,NULL,NULL,NULL,NULL,NULL,NULL,NULL,NULL,1,2017-02-23 20:11:12.383,2019-06-27 15:48:33.697,3,3
121,NULL,NULL,PP 23x36,NULL,NULL,NULL,NULL,NULL,NULL,NULL,NULL,NULL,NULL,1,2017-02-23 20:11:23.037,NULL,3,NULL
122,NULL,NULL,PP 27x40,NULL,NULL,NULL,NULL,NULL,NULL,NULL,NULL,NULL,NULL,1,2017-02-23 20:11:36.377,NULL,3,NULL
123,NULL,NULL,PP 25x80,NULL,NULL,NULL,NULL,NULL,NULL,NULL,NULL,NULL,NULL,1,2017-02-23 20:57:22.830,NULL,3,NULL
124,NULL,NULL,PP 18x28,NULL,NULL,NULL,NULL,NULL,NULL,NULL,NULL,NULL,NULL,1,2017-02-23 20:57:33.153,NULL,3,NULL
125,NULL,NULL,PP 21x35,NULL,NULL,NULL,NULL,NULL,NULL,NULL,NULL,NULL,NULL,1,2017-02-23 20:57:51.507,NULL,3,NULL
126,NULL,NULL,PP 20x30 (4C),NULL,NULL,NULL,NULL,NULL,NULL,NULL,NULL,NULL,NULL,1,2017-02-23 20:58:10.707,2017-02-23 21:06:37.720,3,3
127,NULL,NULL,PP 25x35,NULL,NULL,NULL,NULL,NULL,NULL,NULL,NULL,NULL,NULL,1,2017-02-23 20:58:25.570,NULL,3,NULL
128,NULL,NULL,PP 22x30,NULL,NULL,NULL,NULL,NULL,NULL,NULL,NULL,NULL,NULL,1,2017-02-23 20:58:41.403,NULL,3,NULL
129,NULL,NULL,OPP 30x47,NULL,NULL,NULL,NULL,NULL,NULL,NULL,NULL,NULL,NULL,1,2017-02-24 20:17:58.090,NULL,1,NULL
130,NULL,NULL,PP 50X60,NULL,NULL,NULL,NULL,NULL,NULL,NULL,NULL,NULL,NULL,1,2017-02-24 21:11:28.843,NULL,1,NULL
131,NULL,NULL,OPP 25x42,NULL,NULL,NULL,NULL,NULL,NULL,NULL,NULL,NULL,NULL,1,2017-02-25 17:04:01.877,2017-02-25 17:05:52.097,3,3
132,NULL,NULL,OPP 22x37,NULL,NULL,NULL,NULL,NULL,NULL,NULL,NULL,NULL,NULL,1,2017-02-25 17:04:50.287,2017-03-06 19:59:22.153,3,4
133,NULL,NULL,Test,NULL,NULL,NULL,NULL,NULL,NULL,NULL,NULL,NULL,NULL,1,2017-03-02 10:38:51.223,NULL,1,NULL
134,NULL,NULL,Quai xoài in(Q រូបថី្ម) 26,NULL,NULL,NULL,NULL,NULL,NULL,NULL,NULL,NULL,NULL,1,2017-03-05 13:49:31.127,2017-05-18 17:08:09.513,3,7
135,NULL,NULL,OPP 33x47,NULL,NULL,NULL,NULL,NULL,NULL,NULL,NULL,NULL,NULL,1,2017-03-05 14:37:19.377,NULL,3,NULL
136,NULL,NULL,OPP 28x47,NULL,NULL,NULL,NULL,NULL,NULL,NULL,NULL,NULL,NULL,1,2017-03-05 14:38:32.770,NULL,3,NULL
137,NULL,NULL,Dây thun,NULL,NULL,NULL,NULL,NULL,NULL,NULL,NULL,NULL,NULL,1,2017-03-05 15:08:48.363,NULL,3,NULL
138,NULL,NULL,Thun loại 1 (កៅ ស៊ូ សាំង),NULL,NULL,NULL,NULL,NULL,NULL,NULL,NULL,NULL,NULL,1,2017-03-05 15:58:48.693,2018-12-04 11:55:20.693,3,5
139,NULL,NULL,Thun sao ( កៅ ស៊ូ ផ្កាយ ),NULL,NULL,NULL,NULL,NULL,NULL,NULL,NULL,NULL,NULL,1,2017-03-05 15:59:10.427,2018-12-04 14:08:27.587,3,5
140,NULL,NULL,Thun ruột xe (កៅ ស៊ូ កង),NULL,NULL,NULL,NULL,NULL,NULL,NULL,NULL,NULL,NULL,1,2017-03-05 15:59:21.340,2017-05-18 18:53:07.693,3,7
141,NULL,NULL,Đen (ខ្មៅ)1/2 (Đóng gói) 12x20,NULL,NULL,NULL,NULL,NULL,NULL,NULL,NULL,NULL,NULL,1,2017-03-06 19:34:12.243,2017-05-18 18:55:15.590,4,7
142,NULL,NULL,Đen thường (ខ្មៅ ធ/តា្ដ)50x80,NULL,NULL,NULL,NULL,NULL,NULL,NULL,NULL,NULL,NULL,1,2017-03-06 19:34:28.900,2017-05-18 19:04:58.070,4,7
143,NULL,NULL,Đen thường (ខ្មៅ ធ/តា្ដ)35x60,NULL,NULL,NULL,NULL,NULL,NULL,NULL,NULL,NULL,NULL,1,2017-03-06 19:34:42.533,2017-05-18 19:05:40.530,4,7
144,NULL,NULL,TRỒNG CÂY( កូន ឈេី ) 5.5x15,NULL,NULL,NULL,NULL,NULL,NULL,NULL,NULL,NULL,NULL,1,2017-03-06 19:41:14.350,2017-05-18 17:12:17.600,4,7
145,NULL,NULL,TRỒNG CÂY(កូន ឈេី៑៑) 6x15,NULL,NULL,NULL,NULL,NULL,NULL,NULL,NULL,NULL,NULL,1,2017-03-06 19:41:25.713,2017-05-18 17:12:59.353,4,7
146,NULL,NULL,TRỒNG CÂY(កូន ឈេី៑៑) 7.7x17,NULL,NULL,NULL,NULL,NULL,NULL,NULL,NULL,NULL,NULL,1,2017-03-06 19:41:49.713,2017-05-18 17:14:08.620,4,7
147,NULL,NULL,TRỒNG CÂY(កូន ឈេី៑៑) 8x21,NULL,NULL,NULL,NULL,NULL,NULL,NULL,NULL,NULL,NULL,1,2017-03-06 19:41:58.970,2017-05-18 17:14:36.290,4,7
148,NULL,NULL,TRỒNG CÂY(កូន ឈេី៑៑) 9x23,NULL,NULL,NULL,NULL,NULL,NULL,NULL,NULL,NULL,NULL,1,2017-03-06 19:42:09.527,2017-05-18 17:14:59.647,4,7
149,NULL,NULL,TRỒNG CÂY(កូន ឈេី៑៑) 10x26,NULL,NULL,NULL,NULL,NULL,NULL,NULL,NULL,NULL,NULL,1,2017-03-06 19:42:21.397,2017-05-18 17:15:22.630,4,7
150,NULL,NULL,TRỒNG CÂY(កូន ឈេី៑៑) 12x30,NULL,NULL,NULL,NULL,NULL,NULL,NULL,NULL,NULL,NULL,1,2017-03-06 19:42:31.340,2017-05-18 17:15:43.043,4,7
151,NULL,NULL,TRỒNG CÂY(កូន ឈេី៑៑) 8x30,NULL,NULL,NULL,NULL,NULL,NULL,NULL,NULL,NULL,NULL,1,2017-03-06 19:42:39.573,2017-05-18 17:16:02.063,4,7
152,NULL,NULL,Vỏ thùng áo mưa,NULL,NULL,NULL,NULL,NULL,NULL,NULL,NULL,NULL,NULL,1,2017-03-11 17:18:35.687,NULL,3,NULL
153,NULL,NULL,OPP 10.5x27,NULL,NULL,NULL,NULL,NULL,NULL,NULL,NULL,NULL,NULL,1,2017-03-11 17:53:17.083,NULL,3,NULL
154,NULL,NULL,PE màu (ពណ៏ zin)20x30,NULL,NULL,NULL,NULL,NULL,NULL,NULL,NULL,NULL,NULL,1,2017-03-13 22:12:24.003,2017-05-18 16:44:09.660,3,7
155,NULL,NULL,Túi PP in voi (PP រូប)12x20,NULL,NULL,NULL,NULL,NULL,NULL,NULL,NULL,NULL,NULL,1,2017-03-14 21:55:04.870,2017-05-18 17:50:02.720,3,7
156,NULL,NULL,Túi PP in voi (PP រូប)9x12,NULL,NULL,NULL,NULL,NULL,NULL,NULL,NULL,NULL,NULL,1,2017-03-14 21:55:14.187,2017-05-18 17:49:21.833,3,7
157,NULL,NULL,OPP 11x27,NULL,NULL,NULL,NULL,NULL,NULL,NULL,NULL,NULL,NULL,1,2017-03-14 21:57:38.737,NULL,3,NULL
158,NULL,NULL,OPP 12x27,NULL,NULL,NULL,NULL,NULL,NULL,NULL,NULL,NULL,NULL,1,2017-03-14 21:57:46.890,NULL,3,NULL
159,NULL,NULL,OPP 13x27,NULL,NULL,NULL,NULL,NULL,NULL,NULL,NULL,NULL,NULL,1,2017-03-14 21:59:03.463,NULL,3,NULL
160,NULL,NULL,OPP 13.5x27,NULL,NULL,NULL,NULL,NULL,NULL,NULL,NULL,NULL,NULL,1,2017-03-14 21:59:18.927,NULL,3,NULL
161,NULL,NULL,OPP 15.5x27,NULL,NULL,NULL,NULL,NULL,NULL,NULL,NULL,NULL,NULL,1,2017-03-14 22:05:22.237,NULL,3,NULL
162,NULL,NULL,Xốp 1 ly(កែវ 1 កែវ),NULL,NULL,NULL,NULL,NULL,NULL,NULL,NULL,NULL,NULL,1,2017-03-15 15:12:30.600,2017-05-18 17:47:54.930,3,7
163,NULL,NULL,Túi PP in voi(PP រូប) 6x14,NULL,NULL,NULL,NULL,NULL,NULL,NULL,NULL,NULL,NULL,1,2017-03-15 18:30:13.863,2017-05-18 17:50:29.970,3,7
164,NULL,NULL,Túi PP in voi (PP រូប)6x11,NULL,NULL,NULL,NULL,NULL,NULL,NULL,NULL,NULL,NULL,1,2017-03-15 18:31:00.257,2017-05-18 17:50:54.080,3,7
165,NULL,NULL,Túi PP in voi (PP រូប)8x16,NULL,NULL,NULL,NULL,NULL,NULL,NULL,NULL,NULL,NULL,1,2017-03-15 18:32:08.367,2017-05-18 17:51:19.947,3,7
166,NULL,NULL,ថង់ស្រួយ​ (PP) 35x50,NULL,NULL,NULL,NULL,NULL,NULL,NULL,NULL,NULL,NULL,1,2017-03-17 20:03:45.347,2019-06-27 15:48:19.410,3,3
167,NULL,NULL,ថង់ស្រួយ​ (PP) 35x55,NULL,NULL,NULL,NULL,NULL,NULL,NULL,NULL,NULL,NULL,1,2017-03-17 20:03:56.990,2019-06-27 15:48:08.030,3,3
168,NULL,NULL,ថង់ស្រួយ​ (PP) 40x65,NULL,NULL,NULL,NULL,NULL,NULL,NULL,NULL,NULL,NULL,1,2017-03-17 20:04:10.123,2019-06-27 15:47:53.317,3,3
169,NULL,NULL,PP 40x60,NULL,NULL,NULL,NULL,NULL,NULL,NULL,NULL,NULL,NULL,1,2017-03-17 20:04:17.690,2018-12-03 20:28:16.537,3,5
170,NULL,NULL,PP 27x40,NULL,NULL,NULL,NULL,NULL,NULL,NULL,NULL,NULL,NULL,1,2017-03-17 20:04:30.817,2018-12-03 20:28:19.550,3,5
171,NULL,NULL,OPP 35x47,NULL,NULL,NULL,NULL,NULL,NULL,NULL,NULL,NULL,NULL,1,2017-03-17 20:37:04.767,NULL,3,NULL
172,NULL,NULL,ថង់ស្រួយ​ (PP) 45x73,NULL,NULL,NULL,NULL,NULL,NULL,NULL,NULL,NULL,NULL,1,2017-03-19 20:03:08.270,2019-06-27 15:52:01.230,3,3
173,NULL,NULL,PP 50x90,NULL,NULL,NULL,NULL,NULL,NULL,NULL,NULL,NULL,NULL,1,2017-03-19 20:04:39.553,NULL,3,NULL
174,NULL,NULL,OPP 23x37,NULL,NULL,NULL,NULL,NULL,NULL,NULL,NULL,NULL,NULL,1,2017-03-21 20:45:42.717,NULL,3,NULL
175,NULL,NULL,2 Quai in (ពុម្ព)14x24,NULL,NULL,NULL,NULL,NULL,NULL,NULL,NULL,NULL,NULL,1,2017-03-23 19:34:30.417,2017-05-18 17:17:25.193,3,7
176,NULL,NULL,OPP 20x37,NULL,NULL,NULL,NULL,NULL,NULL,NULL,NULL,NULL,NULL,1,2017-04-01 14:12:40.243,NULL,3,NULL
177,NULL,NULL,cao su sao 08,NULL,NULL,NULL,NULL,NULL,NULL,NULL,NULL,NULL,NULL,0,2017-04-02 20:28:34.180,2018-03-18 15:50:24.063,7,7
178,NULL,NULL,cao su số 1 - 08,NULL,NULL,NULL,NULL,NULL,NULL,NULL,NULL,NULL,NULL,1,2017-04-02 20:28:45.647,2018-03-11 10:45:52.323,7,5
179,NULL,NULL,OPP 11.5x27,NULL,NULL,NULL,NULL,NULL,NULL,NULL,NULL,NULL,NULL,1,2017-04-03 18:24:06.603,NULL,3,NULL
180,NULL,NULL,OPP 14x27,NULL,NULL,NULL,NULL,NULL,NULL,NULL,NULL,NULL,NULL,1,2017-04-03 18:25:20.757,NULL,3,NULL
181,NULL,NULL,2 Quai in(ពុម្ព) 8x15,NULL,NULL,NULL,NULL,NULL,NULL,NULL,NULL,NULL,NULL,1,2017-04-03 18:32:57.983,2017-05-18 17:16:58.560,3,7
182,NULL,NULL,OPP 14.5x27,NULL,NULL,NULL,NULL,NULL,NULL,NULL,NULL,NULL,NULL,1,2017-04-04 13:54:45.520,NULL,3,NULL
183,NULL,NULL,OPP 15x27,NULL,NULL,NULL,NULL,NULL,NULL,NULL,NULL,NULL,NULL,1,2017-04-04 13:56:32.650,NULL,3,NULL
184,NULL,NULL,OPP 12.5x27,NULL,NULL,NULL,NULL,NULL,NULL,NULL,NULL,NULL,NULL,1,2017-04-04 13:58:10.247,NULL,3,NULL
185,NULL,NULL,PEខ្មៅ​ល្អ (PE đen tốt) 16x28,NULL,NULL,NULL,NULL,NULL,NULL,NULL,NULL,NULL,NULL,1,2017-04-05 15:56:37.947,2019-06-28 16:58:21.947,3,3
186,NULL,NULL,PE đen ( ខ្មៅ PE ល្អ )50 x 80,NULL,NULL,NULL,NULL,NULL,NULL,NULL,NULL,NULL,NULL,1,2017-04-05 15:58:54.857,2018-12-03 20:28:58.240,3,5
187,NULL,NULL,PE đen ( ខ្មៅ PE ល្អ) 50 x 80,NULL,NULL,NULL,NULL,NULL,NULL,NULL,NULL,NULL,NULL,1,2017-04-05 15:59:03.517,2018-12-03 20:28:56.063,3,5
188,NULL,NULL,PE đen ( ខ្មៅ PE ល្អ )30 x 50,NULL,NULL,NULL,NULL,NULL,NULL,NULL,NULL,NULL,NULL,1,2017-04-05 16:00:16.650,2018-12-03 20:28:53.783,3,5
189,NULL,NULL,TRỒNG CÂY (កូន ឈេី៑៑)7x17,NULL,NULL,NULL,NULL,NULL,NULL,NULL,NULL,NULL,NULL,1,2017-04-06 20:05:26.543,2017-05-18 12:53:17.757,3,7
190,NULL,NULL,2 quai in (ពុម្ព)16x28,NULL,NULL,NULL,NULL,NULL,NULL,NULL,NULL,NULL,NULL,1,2017-04-08 15:10:06.933,2017-05-18 12:46:37.647,3,7
191,NULL,NULL,OPP 21x37,NULL,NULL,NULL,NULL,NULL,NULL,NULL,NULL,NULL,NULL,1,2017-04-14 10:13:00.310,2017-05-19 19:36:14.620,7,7
192,NULL,NULL,PP 50x70,NULL,NULL,NULL,NULL,NULL,NULL,NULL,NULL,NULL,NULL,1,2017-04-30 11:26:03.337,NULL,3,NULL
193,NULL,NULL,ដៃកណ្ដាលពណ៏ (QX màu) 25x38,NULL,NULL,NULL,NULL,NULL,NULL,NULL,NULL,NULL,NULL,1,2017-05-03 19:21:44.300,2019-06-27 18:56:44.353,3,3
194,NULL,NULL,PP 60x70,NULL,NULL,NULL,NULL,NULL,NULL,NULL,NULL,NULL,NULL,1,2017-05-10 19:13:28.593,NULL,3,NULL
195,NULL,NULL,PP 42x60,NULL,NULL,NULL,NULL,NULL,NULL,NULL,NULL,NULL,NULL,1,2017-05-10 19:24:33.830,NULL,3,NULL
196,NULL,NULL,PEដៃកណ្ដាលស (PE QX trắng) 40x60,NULL,NULL,NULL,NULL,NULL,NULL,NULL,NULL,NULL,NULL,1,2017-05-11 19:30:37.073,2019-06-27 20:14:49.827,5,3
197,NULL,NULL,quai xoài pe (ៃដ កណា្ដល PE )12x20្,NULL,NULL,NULL,NULL,NULL,NULL,NULL,NULL,NULL,NULL,1,2017-05-12 17:44:09.657,2017-05-18 12:41:38.600,7,7
198,NULL,NULL,PE 90x130,NULL,NULL,NULL,NULL,NULL,NULL,NULL,NULL,NULL,NULL,1,2017-05-21 15:10:47.650,2017-05-21 15:11:36.007,3,3
199,NULL,NULL,HD đen gai 14x24,NULL,NULL,NULL,NULL,NULL,NULL,NULL,NULL,NULL,NULL,1,2017-05-22 16:11:55.267,NULL,3,NULL
200,NULL,NULL,PEដៃកណ្ដាលស (PE QX trắng) 30x45,NULL,NULL,NULL,NULL,NULL,NULL,NULL,NULL,NULL,NULL,1,2017-05-24 19:37:13.443,2019-06-27 20:13:50.193,7,3
201,NULL,NULL,Túi PP in voi 9x18,NULL,NULL,NULL,NULL,NULL,NULL,NULL,NULL,NULL,NULL,1,2017-05-24 20:14:47.323,NULL,3,NULL
202,NULL,NULL,HD đen gai 16x28,NULL,NULL,NULL,NULL,NULL,NULL,NULL,NULL,NULL,NULL,1,2017-05-28 15:02:34.997,NULL,3,NULL
203,NULL,NULL,HD đen gai 20x30,NULL,NULL,NULL,NULL,NULL,NULL,NULL,NULL,NULL,NULL,1,2017-05-28 15:02:51.797,NULL,3,NULL
204,NULL,NULL,Túi PP in voi 33x34,NULL,NULL,NULL,NULL,NULL,NULL,NULL,NULL,NULL,NULL,1,2017-05-30 14:09:21.460,NULL,3,NULL
205,NULL,NULL,Túi PP in voi 23x26,NULL,NULL,NULL,NULL,NULL,NULL,NULL,NULL,NULL,NULL,1,2017-05-30 14:09:37.167,NULL,3,NULL
206,NULL,NULL,OPP 40x47,NULL,NULL,NULL,NULL,NULL,NULL,NULL,NULL,NULL,NULL,1,2017-06-06 12:25:55.800,NULL,3,NULL
207,NULL,NULL,OPP 10x27,NULL,NULL,NULL,NULL,NULL,NULL,NULL,NULL,NULL,NULL,1,2017-06-06 12:33:20.137,NULL,3,NULL
208,NULL,NULL,ដៃកណ្ដាលរូប​ (QX in) 40x60,NULL,NULL,NULL,NULL,NULL,NULL,NULL,NULL,NULL,NULL,1,2017-06-22 17:12:05.440,2019-06-26 19:31:54.170,3,3
209,NULL,NULL,ថង់បកបិទ(OPP) 35x47,NULL,NULL,NULL,NULL,NULL,NULL,NULL,NULL,NULL,NULL,1,2017-06-22 17:16:07.100,2019-06-27 18:16:42.780,3,3
210,NULL,NULL,PE cuộn loại 2 m,NULL,NULL,NULL,NULL,NULL,NULL,NULL,NULL,NULL,NULL,1,2017-06-23 20:39:14.947,2017-06-23 20:40:45.187,3,3
211,NULL,NULL,PE cuộn loại 1.2 m,NULL,NULL,NULL,NULL,NULL,NULL,NULL,NULL,NULL,NULL,1,2017-06-23 20:39:26.553,2017-06-23 20:40:38.060,3,3
212,NULL,NULL,PE cuộn loại 1.6 m,NULL,NULL,NULL,NULL,NULL,NULL,NULL,NULL,NULL,NULL,1,2017-06-23 20:39:34.460,2017-06-23 20:40:32.550,3,3
213,NULL,NULL,PE cuộn loại 1.4 m,NULL,NULL,NULL,NULL,NULL,NULL,NULL,NULL,NULL,NULL,1,2017-06-23 20:39:42.963,NULL,3,NULL
214,NULL,NULL,PE cuộn loại 1 m,NULL,NULL,NULL,NULL,NULL,NULL,NULL,NULL,NULL,NULL,1,2017-06-23 20:39:51.597,NULL,3,NULL
215,NULL,NULL,PP 22x45,NULL,NULL,NULL,NULL,NULL,NULL,NULL,NULL,NULL,NULL,1,2017-06-29 21:41:51.627,NULL,3,NULL
216,NULL,NULL,Muỗng nhựa,NULL,NULL,NULL,NULL,NULL,NULL,NULL,NULL,NULL,NULL,1,2017-07-05 20:42:55.283,NULL,3,NULL
217,NULL,NULL,PP 16x26,NULL,NULL,NULL,NULL,NULL,NULL,NULL,NULL,NULL,NULL,1,2017-07-13 20:39:17.720,NULL,3,NULL
218,NULL,NULL,PP 14x24,NULL,NULL,NULL,NULL,NULL,NULL,NULL,NULL,NULL,NULL,1,2017-07-16 17:23:16.073,NULL,3,NULL
219,NULL,NULL,ថង់កូនឈើ (trồng cây) 12x30,NULL,NULL,NULL,NULL,NULL,NULL,NULL,NULL,NULL,NULL,1,2017-07-16 17:45:37.357,2019-06-29 10:48:28.443,3,3
220,NULL,NULL,ថង់កូនឈើ (trồng cây) 10x26,NULL,NULL,NULL,NULL,NULL,NULL,NULL,NULL,NULL,NULL,1,2017-07-16 17:45:52.923,2019-06-29 11:01:01.220,3,3
221,NULL,NULL,Quai xoài PE 35x50,NULL,NULL,NULL,NULL,NULL,NULL,NULL,NULL,NULL,NULL,1,2017-07-18 16:58:20.993,2018-12-05 19:18:01.140,3,5
222,NULL,NULL,ថ្លាទន់(PE trong) 50x75,NULL,NULL,NULL,NULL,NULL,NULL,NULL,NULL,NULL,NULL,1,2017-07-22 22:30:11.503,2019-06-27 16:22:30.070,3,3
223,NULL,NULL,PE 30x45,NULL,NULL,NULL,NULL,NULL,NULL,NULL,NULL,NULL,NULL,1,2017-07-22 22:31:14.290,NULL,3,NULL
224,NULL,NULL,PE 20x30,NULL,NULL,NULL,NULL,NULL,NULL,NULL,NULL,NULL,NULL,1,2017-07-22 22:31:24.450,NULL,3,NULL
225,NULL,NULL,Áo mưa loại 2,NULL,NULL,NULL,NULL,NULL,NULL,NULL,NULL,NULL,NULL,1,2017-07-25 16:20:58.317,NULL,3,NULL
226,NULL,NULL,Bao tay,NULL,NULL,NULL,NULL,NULL,NULL,NULL,NULL,NULL,NULL,1,2017-07-25 16:23:00.620,NULL,3,NULL
227,NULL,NULL,PE 40x60,NULL,NULL,NULL,NULL,NULL,NULL,NULL,NULL,NULL,NULL,1,2017-07-25 16:33:38.517,NULL,3,NULL
228,NULL,NULL,Cà phê Nguyên Tâm,NULL,NULL,NULL,NULL,NULL,NULL,NULL,NULL,NULL,NULL,1,2017-07-27 22:25:20.430,NULL,3,NULL
229,NULL,NULL,PP 12x22,NULL,NULL,NULL,NULL,NULL,NULL,NULL,NULL,NULL,NULL,1,2017-08-10 19:42:25.363,NULL,5,NULL
230,NULL,NULL,PE 21x37.5,NULL,NULL,NULL,NULL,NULL,NULL,NULL,NULL,NULL,NULL,1,2017-08-18 22:19:12.807,NULL,3,NULL
231,NULL,NULL,PP 20x30,NULL,NULL,NULL,NULL,NULL,NULL,NULL,NULL,NULL,NULL,1,2017-08-18 22:21:45.943,NULL,3,NULL
232,NULL,NULL,PP 38x115,NULL,NULL,NULL,NULL,NULL,NULL,NULL,NULL,NULL,NULL,1,2017-08-23 20:51:36.100,NULL,3,NULL
233,NULL,NULL,ថង់កូនឈើ (trồng cây) 9x23,NULL,NULL,NULL,NULL,NULL,NULL,NULL,NULL,NULL,NULL,1,2017-08-23 20:55:32.963,2019-06-29 10:46:43.933,3,3
234,NULL,NULL,Quai xoài PE 20x30,NULL,NULL,NULL,NULL,NULL,NULL,NULL,NULL,NULL,NULL,1,2017-08-26 16:45:51.057,2018-12-03 20:28:44.280,3,5
235,NULL,NULL,Quai xoài PE 25x38,NULL,NULL,NULL,NULL,NULL,NULL,NULL,NULL,NULL,NULL,1,2017-08-26 16:46:09.147,2018-12-03 20:28:41.663,3,5
236,NULL,NULL,PP12x30,NULL,NULL,NULL,NULL,NULL,NULL,NULL,NULL,NULL,NULL,1,2017-08-27 15:35:48.737,NULL,5,NULL
237,NULL,NULL,HD đen gai 12x20,NULL,NULL,NULL,NULL,NULL,NULL,NULL,NULL,NULL,NULL,1,2017-09-02 15:21:08.970,NULL,3,NULL
238,NULL,NULL,អាវភ្លៀងសុងឡុង (áo mưa SL),NULL,NULL,NULL,NULL,NULL,NULL,NULL,NULL,NULL,NULL,1,2017-09-08 18:56:58.843,2019-06-28 10:56:37.057,3,3
239,NULL,NULL,PP 40x55,NULL,NULL,NULL,NULL,NULL,NULL,NULL,NULL,NULL,NULL,1,2017-09-08 19:51:46.553,NULL,3,NULL
240,NULL,NULL,PP 22x50,NULL,NULL,NULL,NULL,NULL,NULL,NULL,NULL,NULL,NULL,1,2017-09-12 19:00:08.453,NULL,3,NULL
241,NULL,NULL,PP 42x34,NULL,NULL,NULL,NULL,NULL,NULL,NULL,NULL,NULL,NULL,1,2017-09-16 16:48:46.320,NULL,3,NULL
242,NULL,NULL,ថង់បកបិទ(OPP) 33x47,NULL,NULL,NULL,NULL,NULL,NULL,NULL,NULL,NULL,NULL,1,2017-09-16 18:40:34.363,2019-06-27 18:16:19.733,3,3
243,NULL,NULL,ថង់បកបិទ(OPP) 30x47,NULL,NULL,NULL,NULL,NULL,NULL,NULL,NULL,NULL,NULL,1,2017-09-16 18:41:41.443,2019-06-27 18:14:29.970,3,3
244,NULL,NULL,ថង់បកបិទ(OPP) 28x47,NULL,NULL,NULL,NULL,NULL,NULL,NULL,NULL,NULL,NULL,1,2017-09-16 18:42:36.510,2019-06-27 18:13:45.903,3,3
245,NULL,NULL,ថង់បកបិទ(OPP) 25x47,NULL,NULL,NULL,NULL,NULL,NULL,NULL,NULL,NULL,NULL,1,2017-09-16 18:42:48.697,2019-06-27 18:13:18.737,3,3
246,NULL,NULL,ថង់បកបិទ(OPP) 23x37,NULL,NULL,NULL,NULL,NULL,NULL,NULL,NULL,NULL,NULL,1,2017-09-25 20:07:07.963,2019-06-27 18:12:52.750,5,3
247,NULL,NULL,ថង់បកបិទ(OPP) 22x37,NULL,NULL,NULL,NULL,NULL,NULL,NULL,NULL,NULL,NULL,1,2017-09-25 20:08:07.657,2019-06-27 18:12:33.077,5,3
248,NULL,NULL,PP 17 x 26,NULL,NULL,NULL,NULL,NULL,NULL,NULL,NULL,NULL,NULL,1,2017-09-30 18:00:36.947,NULL,5,NULL
249,NULL,NULL,ថង់បកបិទ(OPP) 21x37,NULL,NULL,NULL,NULL,NULL,NULL,NULL,NULL,NULL,NULL,1,2017-09-30 18:06:42.497,2019-06-27 18:12:11.523,5,3
250,NULL,NULL,ថង់បកបិទ(OPP) 20x37,NULL,NULL,NULL,NULL,NULL,NULL,NULL,NULL,NULL,NULL,1,2017-10-14 17:13:05.973,2019-06-27 18:11:43.127,3,3
251,NULL,NULL,ថង់បកបិទ(OPP) 18x27,NULL,NULL,NULL,NULL,NULL,NULL,NULL,NULL,NULL,NULL,1,2017-10-14 17:30:28.320,2019-06-27 18:11:18.380,3,3
252,NULL,NULL,PP 22 x 32,NULL,NULL,NULL,NULL,NULL,NULL,NULL,NULL,NULL,NULL,1,2017-10-14 17:57:11.267,NULL,3,NULL
253,NULL,NULL,PP 13 x 23,NULL,NULL,NULL,NULL,NULL,NULL,NULL,NULL,NULL,NULL,1,2017-10-14 18:32:27.660,NULL,3,NULL
254,NULL,NULL,Quai xoài PE 30 x 45,NULL,NULL,NULL,NULL,NULL,NULL,NULL,NULL,NULL,NULL,1,2017-10-14 18:53:26.940,2018-12-03 20:28:33.330,3,5
255,NULL,NULL,PP 17 x 30,NULL,NULL,NULL,NULL,NULL,NULL,NULL,NULL,NULL,NULL,1,2017-11-13 17:46:26.747,NULL,3,NULL
256,NULL,NULL,cao su sao 25,NULL,NULL,NULL,NULL,NULL,NULL,NULL,NULL,NULL,NULL,1,2018-03-11 10:44:03.840,NULL,5,NULL
257,NULL,NULL,cao su sao 38 vàng,NULL,NULL,NULL,NULL,NULL,NULL,NULL,NULL,NULL,NULL,1,2018-03-11 10:44:22.703,NULL,5,NULL
258,NULL,NULL,cao su sao 38 xanh,NULL,NULL,NULL,NULL,NULL,NULL,NULL,NULL,NULL,NULL,1,2018-03-11 10:44:34.123,NULL,5,NULL
259,NULL,NULL,cao su xe,NULL,NULL,NULL,NULL,NULL,NULL,NULL,NULL,NULL,NULL,1,2018-03-11 10:44:58.153,NULL,5,NULL
260,NULL,NULL,cao su số 1 - 25,NULL,NULL,NULL,NULL,NULL,NULL,NULL,NULL,NULL,NULL,1,2018-03-11 10:45:36.277,NULL,5,NULL
261,NULL,NULL,cao su sao số 1 - 38 vàng,NULL,NULL,NULL,NULL,NULL,NULL,NULL,NULL,NULL,NULL,1,2018-03-11 10:46:17.733,NULL,5,NULL
262,NULL,NULL,cao su sao số 1 - 38 xanh,NULL,NULL,NULL,NULL,NULL,NULL,NULL,NULL,NULL,NULL,1,2018-03-11 10:46:35.040,NULL,5,NULL
263,NULL,NULL,ថង់បកបិទ(OPP) 15.5x27,NULL,NULL,NULL,NULL,NULL,NULL,NULL,NULL,NULL,NULL,1,2018-03-11 10:58:37.170,2019-06-27 18:10:53.580,5,3
264,NULL,NULL,ថង់បកបិទ(OPP) 15x27,NULL,NULL,NULL,NULL,NULL,NULL,NULL,NULL,NULL,NULL,1,2018-03-11 11:00:05.997,2019-06-27 18:10:26.347,5,3
265,NULL,NULL,ថង់បកបិទ(OPP) 14x27,NULL,NULL,NULL,NULL,NULL,NULL,NULL,NULL,NULL,NULL,1,2018-03-11 11:00:35.790,2019-06-27 18:09:46.533,5,3
266,NULL,NULL,PP 22x55,NULL,NULL,NULL,NULL,NULL,NULL,NULL,NULL,NULL,NULL,1,2018-03-11 11:11:00.397,NULL,5,NULL
267,NULL,NULL,PP 25x50,NULL,NULL,NULL,NULL,NULL,NULL,NULL,NULL,NULL,NULL,1,2018-03-11 11:12:22.053,NULL,5,NULL
268,NULL,NULL,PP 8x11,NULL,NULL,NULL,NULL,NULL,NULL,NULL,NULL,NULL,NULL,1,2018-03-11 11:13:54.303,NULL,5,NULL
269,NULL,NULL,PP 12x20 5C,NULL,NULL,NULL,NULL,NULL,NULL,NULL,NULL,NULL,NULL,1,2018-03-11 11:15:14.560,NULL,5,NULL
270,NULL,NULL,PP 12x33,NULL,NULL,NULL,NULL,NULL,NULL,NULL,NULL,NULL,NULL,1,2018-03-11 11:15:54.903,NULL,5,NULL
271,NULL,NULL,Quai xoài in không xếp li 25x38,NULL,NULL,NULL,NULL,NULL,NULL,NULL,NULL,NULL,NULL,1,2018-03-11 11:19:18.240,NULL,5,NULL
272,NULL,NULL,QUAI XOÀI MÀU PE 10x20,NULL,NULL,NULL,NULL,NULL,NULL,NULL,NULL,NULL,NULL,1,2018-03-11 11:24:55.007,2018-03-11 11:34:42.750,5,5
273,NULL,NULL,PEដៃកណា្ដលព៏ណ​(PE QX màu) 40x60,NULL,NULL,NULL,NULL,NULL,NULL,NULL,NULL,NULL,NULL,1,2018-03-11 11:25:18.573,2019-06-27 19:28:57.810,5,3
274,NULL,NULL,PEដៃកណា្ដលព៏ណ​(PE QX màu) 35x50,NULL,NULL,NULL,NULL,NULL,NULL,NULL,NULL,NULL,NULL,1,2018-03-11 11:32:30.707,2019-06-27 19:28:40.017,5,3
275,NULL,NULL,PEដៃកណា្ដលព៏ណ​(PE QX màu) 30x45,NULL,NULL,NULL,NULL,NULL,NULL,NULL,NULL,NULL,NULL,1,2018-03-11 11:32:40.233,2019-06-27 19:28:09.443,5,3
276,NULL,NULL,PEដៃកណា្ដលព៏ណ​(PE QX màu) 25x38,NULL,NULL,NULL,NULL,NULL,NULL,NULL,NULL,NULL,NULL,1,2018-03-11 11:32:50.980,2019-06-27 19:27:45.780,5,3
277,NULL,NULL,PEដៃកណា្ដលព៏ណ​(PE QX màu) 20x30,NULL,NULL,NULL,NULL,NULL,NULL,NULL,NULL,NULL,NULL,1,2018-03-11 11:33:00.017,2019-06-27 19:26:49.183,5,3
278,NULL,NULL,PEដៃកណា្ដលព៏ណ​(PE QX màu) 17x26,NULL,NULL,NULL,NULL,NULL,NULL,NULL,NULL,NULL,NULL,1,2018-03-11 11:33:12.730,2019-06-27 19:26:27.753,5,3
279,NULL,NULL,PEដៃកណា្ដលព៏ណ​(PE QX màu) 15x23,NULL,NULL,NULL,NULL,NULL,NULL,NULL,NULL,NULL,NULL,1,2018-03-11 11:33:21.680,2019-06-27 19:25:45.370,5,3
280,NULL,NULL,ថង់កូនឈើ (trồng cây) 8x21,NULL,NULL,NULL,NULL,NULL,NULL,NULL,NULL,NULL,NULL,1,2018-03-11 12:03:21.923,2019-06-29 10:46:20.277,5,3
281,NULL,NULL,cao su sao 08,NULL,NULL,NULL,NULL,NULL,NULL,NULL,NULL,NULL,NULL,1,2018-03-18 15:52:39.620,NULL,7,NULL
282,NULL,NULL,2 QUAI IN 20x38,NULL,NULL,NULL,NULL,NULL,NULL,NULL,NULL,NULL,NULL,1,2018-12-04 13:47:30.900,NULL,5,NULL
283,NULL,NULL,2 QUAI IN 23x46,NULL,NULL,NULL,NULL,NULL,NULL,NULL,NULL,NULL,NULL,1,2018-12-04 13:49:30.357,NULL,5,NULL
284,NULL,NULL,2 QUAI IN 30x50,NULL,NULL,NULL,NULL,NULL,NULL,NULL,NULL,NULL,NULL,1,2018-12-04 14:03:01.000,NULL,5,NULL
285,NULL,NULL,2 QUAI IN 35x60,NULL,NULL,NULL,NULL,NULL,NULL,NULL,NULL,NULL,NULL,1,2018-12-04 14:03:37.470,NULL,5,NULL
286,NULL,NULL,2 QUAI IN 40x70,NULL,NULL,NULL,NULL,NULL,NULL,NULL,NULL,NULL,NULL,1,2018-12-04 14:09:07.070,NULL,5,NULL
287,NULL,NULL,ស​Zin​1 (trắng zin1) 8x15,NULL,NULL,NULL,NULL,NULL,NULL,NULL,NULL,NULL,NULL,1,2018-12-04 15:00:09.287,2019-06-27 16:38:51.470,5,3
288,NULL,NULL,ស​Zin1 (trắng zin1) 9x18,NULL,NULL,NULL,NULL,NULL,NULL,NULL,NULL,NULL,NULL,1,2018-12-04 15:00:36.170,2019-06-27 16:38:37.173,5,3
289,NULL,NULL,ស​Zin1 (trắng zin1) 12x20,NULL,NULL,NULL,NULL,NULL,NULL,NULL,NULL,NULL,NULL,1,2018-12-04 15:01:14.107,2019-06-27 16:38:18.757,5,3
290,NULL,NULL,Quai xoài PE 40x60,NULL,NULL,NULL,NULL,NULL,NULL,NULL,NULL,NULL,NULL,1,2018-12-05 19:19:44.677,NULL,5,NULL
291,NULL,NULL,PEពណ៏zin (PE màu zin) 20x30,NULL,NULL,NULL,NULL,NULL,NULL,NULL,NULL,NULL,NULL,1,2018-12-05 19:25:37.147,2019-06-27 17:55:39.473,5,3
292,NULL,NULL,PEពណ៏zin (PE màu zin) 16x28,NULL,NULL,NULL,NULL,NULL,NULL,NULL,NULL,NULL,NULL,1,2018-12-05 19:26:00.043,2019-06-27 17:55:12.610,5,3
293,NULL,NULL,PEពណ៏zin (PE màu zin) 14x24,NULL,NULL,NULL,NULL,NULL,NULL,NULL,NULL,NULL,NULL,1,2018-12-05 19:26:23.850,2019-06-27 17:54:34.460,5,3
294,NULL,NULL,PEពណ៏zin (PE màu zin) 6x11,NULL,NULL,NULL,NULL,NULL,NULL,NULL,NULL,NULL,NULL,1,2018-12-05 19:27:39.853,2019-06-27 17:54:05.173,5,3
295,NULL,NULL,PEពណ៏zin (PE màu zin) 6x14,NULL,NULL,NULL,NULL,NULL,NULL,NULL,NULL,NULL,NULL,1,2018-12-05 19:28:53.853,2019-06-27 17:53:33.633,5,3
296,NULL,NULL,PE ពណ៏លេខ​1 ( PEmàu loại 1) 8x15,NULL,NULL,NULL,NULL,NULL,NULL,NULL,NULL,NULL,NULL,1,2018-12-05 19:29:05.720,2019-06-26 18:22:46.640,5,3
297,NULL,NULL,PEពណ៏zin (PE màu zin) 12x20,NULL,NULL,NULL,NULL,NULL,NULL,NULL,NULL,NULL,NULL,1,2018-12-05 19:29:36.127,2019-06-27 17:53:00.303,5,3
298,NULL,NULL,PEពណ៏zin (PE màu zin) 14x24,NULL,NULL,NULL,NULL,NULL,NULL,NULL,NULL,NULL,NULL,1,2018-12-05 19:29:47.637,2019-06-27 17:52:10.160,5,3
299,NULL,NULL,PEពណ៏zin (PE màu zin) 9x18,NULL,NULL,NULL,NULL,NULL,NULL,NULL,NULL,NULL,NULL,1,2018-12-05 19:30:05.563,2019-06-27 17:48:13.910,5,3
300,NULL,NULL,PP 35x35,NULL,NULL,NULL,NULL,NULL,NULL,NULL,NULL,NULL,NULL,1,2018-12-05 19:58:24.120,NULL,5,NULL
301,NULL,NULL,Đen gai 30x50,NULL,NULL,NULL,NULL,NULL,NULL,NULL,NULL,NULL,NULL,1,2018-12-05 20:13:38.873,NULL,5,NULL
302,NULL,NULL,Đen gai 35x60,NULL,NULL,NULL,NULL,NULL,NULL,NULL,NULL,NULL,NULL,1,2018-12-05 20:13:55.263,NULL,5,NULL
303,NULL,NULL,Đen gai 40x70,NULL,NULL,NULL,NULL,NULL,NULL,NULL,NULL,NULL,NULL,1,2018-12-05 20:14:07.703,NULL,5,NULL
304,NULL,NULL,Đen gai 50x80,NULL,NULL,NULL,NULL,NULL,NULL,NULL,NULL,NULL,NULL,1,2018-12-05 20:14:23.403,NULL,5,NULL
305,NULL,NULL,ថង់បកបិទ(OPP) 13x27,NULL,NULL,NULL,NULL,NULL,NULL,NULL,NULL,NULL,NULL,1,2018-12-05 20:24:59.513,2019-06-27 18:09:26.530,5,3
306,NULL,NULL,ថង់បកបិទ(OPP) 13.5x27,NULL,NULL,NULL,NULL,NULL,NULL,NULL,NULL,NULL,NULL,1,2018-12-05 20:26:45.987,2019-06-27 18:08:28.907,5,3
307,NULL,NULL,ថង់បកបិទ(OPP) 10x27,NULL,NULL,NULL,NULL,NULL,NULL,NULL,NULL,NULL,NULL,1,2018-12-05 20:30:38.043,2019-06-27 18:07:59.483,5,3
308,NULL,NULL,PEខ្មៅ​ល្អ (PE đen tốt) 6x11,NULL,NULL,NULL,NULL,NULL,NULL,NULL,NULL,NULL,NULL,1,2018-12-06 13:17:23.507,2019-06-27 17:33:35.540,5,3
309,NULL,NULL,PE Zin 50x75,NULL,NULL,NULL,NULL,NULL,NULL,NULL,NULL,NULL,NULL,1,2018-12-06 13:20:02.033,NULL,5,NULL
310,NULL,NULL,ថ្លាទន់(PE trong) 60x100,NULL,NULL,NULL,NULL,NULL,NULL,NULL,NULL,NULL,NULL,1,2018-12-06 13:20:19.617,2019-06-27 16:20:29.137,5,3
311,NULL,NULL,PE Zin 70x120,NULL,NULL,NULL,NULL,NULL,NULL,NULL,NULL,NULL,NULL,1,2018-12-06 13:20:35.277,NULL,5,NULL
312,NULL,NULL,ថ្លាទន់(PE trong) 90x130,NULL,NULL,NULL,NULL,NULL,NULL,NULL,NULL,NULL,NULL,1,2018-12-06 13:20:52.140,2019-06-27 16:05:54.843,5,3
313,NULL,NULL,ស​Zin1 (trắng zin1) 6x11,NULL,NULL,NULL,NULL,NULL,NULL,NULL,NULL,NULL,NULL,1,2018-12-07 12:46:37.773,2019-06-27 16:34:56.783,5,3
314,NULL,NULL,ស​Zin1 (trắng zin1) 6x14,NULL,NULL,NULL,NULL,NULL,NULL,NULL,NULL,NULL,NULL,1,2018-12-07 12:47:32.663,2019-06-27 16:33:03.297,5,3
315,NULL,NULL,PEដៃកណ្ដាលស (PE QX trắng) 35x50,NULL,NULL,NULL,NULL,NULL,NULL,NULL,NULL,NULL,NULL,1,2018-12-07 12:49:07.930,2019-06-27 20:14:23.567,5,3
316,NULL,NULL,PP 35x75,NULL,NULL,NULL,NULL,NULL,NULL,NULL,NULL,NULL,NULL,1,2018-12-25 17:21:40.067,NULL,10,NULL
317,NULL,NULL,2 QUAI KHÔNG IN 35x60,NULL,NULL,NULL,NULL,NULL,NULL,NULL,NULL,NULL,NULL,1,2018-12-25 17:42:59.430,NULL,10,NULL
318,NULL,NULL,2 QUAI KHÔNG IN 23x46,NULL,NULL,NULL,NULL,NULL,NULL,NULL,NULL,NULL,NULL,1,2018-12-25 17:43:21.337,NULL,10,NULL
319,NULL,NULL,QUAI XOÀI IN KHÔNG BIÊN 25,NULL,NULL,NULL,NULL,NULL,NULL,NULL,NULL,NULL,NULL,1,2018-12-25 18:06:41.830,NULL,10,NULL
320,NULL,NULL,PP 20x30 (5c),NULL,NULL,NULL,NULL,NULL,NULL,NULL,NULL,NULL,NULL,1,2019-01-05 11:42:47.297,NULL,5,NULL
321,NULL,NULL,PEដៃកណ្ដាលស (PE QX trắng) 25x38,NULL,NULL,NULL,NULL,NULL,NULL,NULL,NULL,NULL,NULL,1,2019-01-05 14:33:14.880,2019-06-27 20:13:19.693,5,3
322,NULL,NULL,Quai xoài HD PE 20x30,NULL,NULL,NULL,NULL,NULL,NULL,NULL,NULL,NULL,NULL,1,2019-01-05 15:19:25.393,NULL,5,NULL
323,NULL,NULL,Quai xoài HD PE 25x38,NULL,NULL,NULL,NULL,NULL,NULL,NULL,NULL,NULL,NULL,1,2019-01-05 15:19:40.720,NULL,5,NULL
324,NULL,NULL,Quai xoài HD PE 30x45,NULL,NULL,NULL,NULL,NULL,NULL,NULL,NULL,NULL,NULL,1,2019-01-05 15:19:50.760,NULL,5,NULL
325,NULL,NULL,HD zin in 25,NULL,NULL,NULL,NULL,NULL,NULL,NULL,NULL,NULL,NULL,1,2019-01-05 18:21:13.127,NULL,5,NULL
326,NULL,NULL,PP 10x33,NULL,NULL,NULL,NULL,NULL,NULL,NULL,NULL,NULL,NULL,1,2019-01-20 14:32:31.867,NULL,5,NULL
327,NULL,NULL,ថង់បកបិទ(OPP) 11.5x27,NULL,NULL,NULL,NULL,NULL,NULL,NULL,NULL,NULL,NULL,1,2019-01-20 15:08:17.477,2019-06-27 18:07:31.373,5,3
328,NULL,NULL,PEដៃកណ្ដាលស (PE QX trắng) 20x30,NULL,NULL,NULL,NULL,NULL,NULL,NULL,NULL,NULL,NULL,1,2019-01-22 16:43:40.547,2019-06-27 20:11:45.760,5,3
329,NULL,NULL,PEដៃកណ្ដាលស (PE QX trắng) 17x26,NULL,NULL,NULL,NULL,NULL,NULL,NULL,NULL,NULL,NULL,1,2019-01-22 16:45:07.877,2019-06-27 20:08:20.343,5,3
330,NULL,NULL,PEដៃកណ្ដាលស (PE QX trắng) 15x23,NULL,NULL,NULL,NULL,NULL,NULL,NULL,NULL,NULL,NULL,1,2019-01-22 16:46:37.937,2019-06-27 20:07:18.447,5,3
331,NULL,NULL,សzin2 (trắng zin2) 60x100,NULL,NULL,NULL,NULL,NULL,NULL,NULL,NULL,NULL,NULL,1,2019-01-22 17:01:19.447,2019-06-27 17:26:05.550,5,3
332,NULL,NULL,2 QUAI KHÔNG IN 20x38,NULL,NULL,NULL,NULL,NULL,NULL,NULL,NULL,NULL,NULL,1,2019-01-22 19:05:25.127,NULL,5,NULL
333,NULL,NULL,2 QUAI KHÔNG IN 30x50,NULL,NULL,NULL,NULL,NULL,NULL,NULL,NULL,NULL,NULL,1,2019-01-22 19:05:35.380,NULL,5,NULL
334,NULL,NULL,2 QUAI KHÔNG IN 40x70,NULL,NULL,NULL,NULL,NULL,NULL,NULL,NULL,NULL,NULL,1,2019-01-22 19:09:19.237,NULL,5,NULL
335,NULL,NULL,ថង់កូនឈើ (trồng cây) 7x17,NULL,NULL,NULL,NULL,NULL,NULL,NULL,NULL,NULL,NULL,1,2019-03-02 18:49:34.133,2019-06-29 10:45:57.957,5,3
336,NULL,NULL,ស​Zin1 (trắng zin1) 60x100,NULL,NULL,NULL,NULL,NULL,NULL,NULL,NULL,NULL,NULL,1,2019-03-03 12:21:49.350,2019-06-27 16:32:50.097,5,3
337,NULL,NULL,ស​Zin​1 (trắng zin1) 16x28,NULL,NULL,NULL,NULL,NULL,NULL,NULL,NULL,NULL,NULL,1,2019-03-03 13:41:56.337,2019-06-27 16:32:25.073,5,3
338,NULL,NULL,ស​Zin1 (trắng zin1) 14x24,NULL,NULL,NULL,NULL,NULL,NULL,NULL,NULL,NULL,NULL,1,2019-03-03 13:42:43.633,2019-06-27 16:32:06.703,5,3
339,NULL,NULL,សzin2 (trắng zin2) 50x80,NULL,NULL,NULL,NULL,NULL,NULL,NULL,NULL,NULL,NULL,1,2019-03-03 13:51:02.883,2019-06-27 17:25:29.607,5,3
340,NULL,NULL,ដៃកណ្ដាលពណ៏ (QX màu) 20x30,NULL,NULL,NULL,NULL,NULL,NULL,NULL,NULL,NULL,NULL,1,2019-03-07 17:22:43.893,2019-06-27 18:51:41.000,3,3
341,NULL,NULL,Thun loại 1 - 38,NULL,NULL,NULL,NULL,NULL,NULL,NULL,NULL,NULL,NULL,1,2019-03-12 17:10:21.817,NULL,3,NULL
342,NULL,NULL,Thun loại 1 - 25,NULL,NULL,NULL,NULL,NULL,NULL,NULL,NULL,NULL,NULL,1,2019-03-12 17:10:31.420,NULL,3,NULL
343,NULL,NULL,Thun sao - 38,NULL,NULL,NULL,NULL,NULL,NULL,NULL,NULL,NULL,NULL,1,2019-03-12 17:10:43.397,NULL,3,NULL
344,NULL,NULL,Thun sao - 25,NULL,NULL,NULL,NULL,NULL,NULL,NULL,NULL,NULL,NULL,1,2019-03-12 17:10:52.807,NULL,3,NULL
345,NULL,NULL,Thun ruột xe - 25,NULL,NULL,NULL,NULL,NULL,NULL,NULL,NULL,NULL,NULL,1,2019-03-12 17:11:06.133,NULL,3,NULL
346,NULL,NULL,ស​Zin​1 (trắng zin1) 20x30,NULL,NULL,NULL,NULL,NULL,NULL,NULL,NULL,NULL,NULL,1,2019-03-12 17:28:36.880,2019-06-27 16:31:49.057,3,3
347,NULL,NULL,សzin2 (trắng zin2) 9x18,NULL,NULL,NULL,NULL,NULL,NULL,NULL,NULL,NULL,NULL,1,2019-03-12 19:01:32.403,2019-06-27 17:20:28.283,3,3
348,NULL,NULL,សzin2 (trắng zin2) 16x28,NULL,NULL,NULL,NULL,NULL,NULL,NULL,NULL,NULL,NULL,1,2019-03-12 19:01:41.070,2019-06-27 17:10:22.813,3,3
349,NULL,NULL,សzin2 (trắng zin2) 8x15,NULL,NULL,NULL,NULL,NULL,NULL,NULL,NULL,NULL,NULL,1,2019-03-12 19:01:50.317,2019-06-27 17:07:06.443,3,3
350,NULL,NULL,សzin2 (trắng zin2) 14x24,NULL,NULL,NULL,NULL,NULL,NULL,NULL,NULL,NULL,NULL,1,2019-03-12 19:01:58.120,2019-06-27 17:06:44.257,3,3
351,NULL,NULL,សzin2 (trắng zin2) 12x20,NULL,NULL,NULL,NULL,NULL,NULL,NULL,NULL,NULL,NULL,1,2019-03-12 19:02:06.570,2019-06-27 16:56:43.810,3,3
352,NULL,NULL,ថង់បកបិទ(OPP) 10.5x27,NULL,NULL,NULL,NULL,NULL,NULL,NULL,NULL,NULL,NULL,1,2019-03-14 18:31:12.550,2019-06-27 18:07:00.620,3,3
353,NULL,NULL,សzin2 (trắng zin2) 6x11,NULL,NULL,NULL,NULL,NULL,NULL,NULL,NULL,NULL,NULL,1,2019-03-14 18:59:43.553,2019-06-27 17:05:22.330,3,3
354,NULL,NULL,សzin2 (trắng zin2) 6x14,NULL,NULL,NULL,NULL,NULL,NULL,NULL,NULL,NULL,NULL,1,2019-03-14 19:09:57.300,2019-06-27 17:10:00.853,3,3
355,NULL,NULL,Thun sao - 08,NULL,NULL,NULL,NULL,NULL,NULL,NULL,NULL,NULL,NULL,1,2019-03-14 19:45:54.830,NULL,3,NULL
356,NULL,NULL,ស​Zin​1 (trắng zin1)​50x80,NULL,NULL,NULL,NULL,NULL,NULL,NULL,NULL,NULL,NULL,1,2019-03-14 19:55:04.753,2019-06-28 16:44:29.760,3,3
357,NULL,NULL,ថង់បកបិទ(OPP) 14.5x27,NULL,NULL,NULL,NULL,NULL,NULL,NULL,NULL,NULL,NULL,1,2019-03-14 20:02:13.067,2019-06-27 18:05:42.570,3,3
358,NULL,NULL,QUAI XOÀI IN 17X27,NULL,NULL,NULL,NULL,NULL,NULL,NULL,NULL,NULL,NULL,1,2019-03-14 20:08:47.190,NULL,3,NULL
359,NULL,NULL,QUAI XOÀI IN (ZIN) - 15,NULL,NULL,NULL,NULL,NULL,NULL,NULL,NULL,NULL,NULL,1,2019-03-24 18:06:15.960,NULL,3,NULL
360,NULL,NULL,QUAI XOÀI IN (ZIN) - 25x38,NULL,NULL,NULL,NULL,NULL,NULL,NULL,NULL,NULL,NULL,1,2019-03-25 15:54:56.420,NULL,3,NULL
361,NULL,NULL,PP 10x28,NULL,NULL,NULL,NULL,NULL,NULL,NULL,NULL,NULL,NULL,1,2019-03-25 16:02:13.933,NULL,3,NULL
362,NULL,NULL,Xốp 60 tím,NULL,NULL,NULL,NULL,NULL,NULL,NULL,NULL,NULL,NULL,1,2019-03-25 16:14:15.817,NULL,3,NULL
363,NULL,NULL,ថង់បកបិទ(OPP) 12.5x27,NULL,NULL,NULL,NULL,NULL,NULL,NULL,NULL,NULL,NULL,1,2019-03-25 16:27:04.830,2019-06-29 10:34:12.243,3,3
364,NULL,NULL,ថង់កូនឈើ (trồng cây) 6x15,NULL,NULL,NULL,NULL,NULL,NULL,NULL,NULL,NULL,NULL,1,2019-03-25 18:31:52.690,2019-06-29 10:43:34.773,3,3
365,NULL,NULL,ថង់បកបិទ (OPP)17x27,NULL,NULL,NULL,NULL,NULL,NULL,NULL,NULL,NULL,NULL,1,2019-03-28 17:50:18.407,2019-06-27 19:02:46.153,3,3
366,NULL,NULL,ថ្លាទន់(PE trong) 30x45,NULL,NULL,NULL,NULL,NULL,NULL,NULL,NULL,NULL,NULL,1,2019-03-28 18:10:00.577,2019-06-27 16:05:08.907,3,3
367,NULL,NULL,ថង់ស្រួយ​ (PP) 23x46,NULL,NULL,NULL,NULL,NULL,NULL,NULL,NULL,NULL,NULL,1,2019-03-28 18:18:38.457,2019-06-27 15:47:39.310,3,3
368,NULL,NULL,ស​Zin2​ (trắng zin2) 6x11,NULL,NULL,NULL,NULL,NULL,NULL,NULL,NULL,NULL,NULL,1,2019-03-28 18:26:39.453,2019-06-27 16:30:42.397,3,3
369,NULL,NULL,ថង់ស្រួយ​ (PP) 12x20,NULL,NULL,NULL,NULL,NULL,NULL,NULL,NULL,NULL,NULL,1,2019-04-04 18:13:14.993,2019-06-27 15:47:22.907,3,3
370,NULL,NULL,PP 24x30,NULL,NULL,NULL,NULL,NULL,NULL,NULL,NULL,NULL,NULL,1,2019-04-04 18:19:13.127,NULL,3,NULL
371,NULL,NULL,ថង់ស្រួយ​ (PP) 40x60,NULL,NULL,NULL,NULL,NULL,NULL,NULL,NULL,NULL,NULL,1,2019-04-04 18:22:22.743,2019-06-27 15:47:03.077,3,3
372,NULL,NULL,ដៃកណ្ដាលពណ៏ (QX màu) 17x26,NULL,NULL,NULL,NULL,NULL,NULL,NULL,NULL,NULL,NULL,1,2019-04-04 18:50:19.400,2019-06-27 18:51:13.100,3,3
373,NULL,NULL,ថង់កូនឈើ (trồng cây) 5x13,NULL,NULL,NULL,NULL,NULL,NULL,NULL,NULL,NULL,NULL,1,2019-04-04 19:10:11.180,2019-06-29 10:43:49.693,3,3
374,NULL,NULL,ថង់ស្រួយ​ (PP) 35x50,NULL,NULL,NULL,NULL,NULL,NULL,NULL,NULL,NULL,NULL,1,2019-04-20 20:41:15.867,2019-06-27 15:46:50.480,3,3
375,NULL,NULL,ដៃកណ្ដាលពណ៏ (QX màu) 15x23,NULL,NULL,NULL,NULL,NULL,NULL,NULL,NULL,NULL,NULL,1,2019-05-05 15:54:56.847,2019-06-27 18:50:44.220,3,3
376,NULL,NULL,ដៃកណ្ដាលរូប​ (QX in) 15x23,NULL,NULL,NULL,NULL,NULL,NULL,NULL,NULL,NULL,NULL,1,2019-05-16 13:58:36.683,2019-06-27 18:42:32.330,3,3
377,NULL,NULL,ថ្លាទន់(PE trong) 70x120,NULL,NULL,NULL,NULL,NULL,NULL,NULL,NULL,NULL,NULL,1,2019-05-16 14:05:56.803,2019-06-27 16:04:45.067,3,3
378,NULL,NULL,ស​Zin​1 (trắng zin1) 60x100,NULL,NULL,NULL,NULL,NULL,NULL,NULL,NULL,NULL,NULL,1,2019-05-16 14:15:56.740,2019-06-28 16:45:05.313,3,3
379,NULL,NULL,ថ្លាទន់(PE trong) 60x110,NULL,NULL,NULL,NULL,NULL,NULL,NULL,NULL,NULL,NULL,1,2019-05-16 14:16:42.623,2019-06-27 16:04:16.150,3,3
380,NULL,NULL,ថ្លាទន់(PE trong) 80x120,NULL,NULL,NULL,NULL,NULL,NULL,NULL,NULL,NULL,NULL,1,2019-05-16 14:16:51.660,2019-06-27 15:59:19.767,3,3
381,NULL,NULL,ថង់ស្រួយ​ (PP)​ 30x45,NULL,NULL,NULL,NULL,NULL,NULL,NULL,NULL,NULL,NULL,1,2019-06-16 12:57:06.200,2019-06-27 21:01:35.323,3,3
382,NULL,NULL,ថង់ស្រួយ​ (PP) 60x100,NULL,NULL,NULL,NULL,NULL,NULL,NULL,NULL,NULL,NULL,1,2019-06-16 13:03:29.860,2019-06-27 15:46:38.343,3,3
383,NULL,NULL,,NULL,NULL,NULL,NULL,NULL,NULL,NULL,NULL,NULL,NULL,1,2019-06-22 15:59:40.867,2019-06-22 16:40:52.893,8,8
384,NULL,NULL,ថង់ស្រួយ​ (PP) 30x45,NULL,NULL,NULL,NULL,NULL,NULL,NULL,NULL,NULL,NULL,1,2019-08-02 18:01:40.630,NULL,3,NULL
385,NULL,NULL,ថង់ស្រួយ​ (PP) 14x42,NULL,NULL,NULL,NULL,NULL,NULL,NULL,NULL,NULL,NULL,1,2019-08-02 18:07:24.897,NULL,3,NULL
386,NULL,NULL,ស​Zin1 (trắng zin1) 5x9,NULL,NULL,NULL,NULL,NULL,NULL,NULL,NULL,NULL,NULL,1,2019-08-02 18:34:53.320,NULL,3,NULL
387,NULL,NULL,OPP 10x27,NULL,NULL,NULL,NULL,NULL,NULL,NULL,NULL,NULL,NULL,1,2020-02-14 14:31:23.733,NULL,5,NULL
388,NULL,NULL,"OPP 10,8 x27",NULL,NULL,NULL,NULL,NULL,NULL,NULL,NULL,NULL,NULL,1,2020-02-14 14:32:45.193,NULL,5,NULL
389,NULL,NULL,"OPP 11,8 x27",NULL,NULL,NULL,NULL,NULL,NULL,NULL,NULL,NULL,NULL,1,2020-02-14 14:34:06.183,NULL,5,NULL
390,NULL,NULL,PP 23 x 36,NULL,NULL,NULL,NULL,NULL,NULL,NULL,NULL,NULL,NULL,1,2020-02-14 14:57:09.090,NULL,5,NULL
391,NULL,NULL,PP 25x39,NULL,NULL,NULL,NULL,NULL,NULL,NULL,NULL,NULL,NULL,1,2020-02-14 15:02:29.743,NULL,5,NULL
392,NULL,NULL,PP 25x39,NULL,NULL,NULL,NULL,NULL,NULL,NULL,NULL,NULL,NULL,1,2020-02-14 15:02:36.243,NULL,5,NULL
393,NULL,NULL,PE đen 8x15,NULL,NULL,NULL,NULL,NULL,NULL,NULL,NULL,NULL,NULL,1,2020-02-14 15:13:17.137,NULL,5,NULL
394,NULL,NULL,PE Zin 9x18,NULL,NULL,NULL,NULL,NULL,NULL,NULL,NULL,NULL,NULL,1,2020-02-14 15:35:00.770,NULL,5,NULL
395,NULL,NULL,QX in 30x45,NULL,NULL,NULL,NULL,NULL,NULL,NULL,NULL,NULL,NULL,1,2020-02-15 10:06:45.530,NULL,5,NULL
396,NULL,NULL,PE zin 8x15,NULL,NULL,NULL,NULL,NULL,NULL,NULL,NULL,NULL,NULL,1,2020-02-15 10:37:44.657,NULL,5,NULL
397,NULL,NULL,Zin 4x8,NULL,NULL,NULL,NULL,NULL,NULL,NULL,NULL,NULL,NULL,1,2020-02-15 10:53:46.847,NULL,5,NULL
398,NULL,NULL,Zin 8x15,NULL,NULL,NULL,NULL,NULL,NULL,NULL,NULL,NULL,NULL,1,2020-02-15 10:59:00.920,NULL,5,NULL
399,NULL,NULL,Zin 9x18,NULL,NULL,NULL,NULL,NULL,NULL,NULL,NULL,NULL,NULL,1,2020-02-15 11:00:26.377,NULL,5,NULL
400,NULL,NULL,Zin 5x9,NULL,NULL,NULL,NULL,NULL,NULL,NULL,NULL,NULL,NULL,1,2020-02-15 11:02:52.373,NULL,5,NULL
401,NULL,NULL,Zin 14x24,NULL,NULL,NULL,NULL,NULL,NULL,NULL,NULL,NULL,NULL,1,2020-02-15 11:04:01.493,NULL,5,NULL
402,NULL,NULL,Zin 6x14,NULL,NULL,NULL,NULL,NULL,NULL,NULL,NULL,NULL,NULL,1,2020-02-15 11:04:55.153,NULL,5,NULL
403,NULL,NULL,PE đen 12x20,NULL,NULL,NULL,NULL,NULL,NULL,NULL,NULL,NULL,NULL,1,2020-02-16 13:56:43.450,NULL,5,NULL
404,NULL,NULL,QX PE 40x60,NULL,NULL,NULL,NULL,NULL,NULL,NULL,NULL,NULL,NULL,1,2020-02-16 14:07:28.453,NULL,5,NULL
405,NULL,NULL,QX PE 40x60,NULL,NULL,NULL,NULL,NULL,NULL,NULL,NULL,NULL,NULL,1,2020-02-16 14:07:39.540,NULL,5,NULL
406,NULL,NULL,"OPP 13,3x27",NULL,NULL,NULL,NULL,NULL,NULL,NULL,NULL,NULL,NULL,1,2020-02-16 14:11:09.077,NULL,5,NULL
407,NULL,NULL,"OPP 12,8x27",NULL,NULL,NULL,NULL,NULL,NULL,NULL,NULL,NULL,NULL,1,2020-02-16 14:12:17.907,NULL,5,NULL
408,NULL,NULL,Zin 12x20,NULL,NULL,NULL,NULL,NULL,NULL,NULL,NULL,NULL,NULL,1,2020-02-16 14:17:25.567,NULL,5,NULL
409,NULL,NULL,Zin 20x30,NULL,NULL,NULL,NULL,NULL,NULL,NULL,NULL,NULL,NULL,1,2020-02-16 14:19:55.457,NULL,5,NULL
410,NULL,NULL,Zin 6X11,NULL,NULL,NULL,NULL,NULL,NULL,NULL,NULL,NULL,NULL,1,2020-02-16 14:22:23.087,NULL,5,NULL
411,NULL,NULL,Zin 16x28,NULL,NULL,NULL,NULL,NULL,NULL,NULL,NULL,NULL,NULL,1,2020-02-16 14:29:40.370,NULL,5,NULL
412,NULL,NULL,PP 50x80,NULL,NULL,NULL,NULL,NULL,NULL,NULL,NULL,NULL,NULL,1,2020-02-17 14:43:23.523,NULL,5,NULL
413,NULL,NULL,PE đen 20x30,NULL,NULL,NULL,NULL,NULL,NULL,NULL,NULL,NULL,NULL,1,2020-02-17 14:50:44.077,NULL,5,NULL
414,NULL,NULL,PE đen 70x120,NULL,NULL,NULL,NULL,NULL,NULL,NULL,NULL,NULL,NULL,1,2020-02-17 14:52:35.507,NULL,5,NULL
415,NULL,NULL,PE đen 6x11,NULL,NULL,NULL,NULL,NULL,NULL,NULL,NULL,NULL,NULL,1,2020-02-17 14:55:41.443,NULL,5,NULL
416,NULL,NULL,Zin 60x100,NULL,NULL,NULL,NULL,NULL,NULL,NULL,NULL,NULL,NULL,1,2020-02-17 15:05:17.757,NULL,5,NULL
417,NULL,NULL,PE đen 14x24,NULL,NULL,NULL,NULL,NULL,NULL,NULL,NULL,NULL,NULL,1,2020-02-17 15:11:03.283,NULL,5,NULL
418,NULL,NULL,PE đen 16x28,NULL,NULL,NULL,NULL,NULL,NULL,NULL,NULL,NULL,NULL,1,2020-02-17 15:12:43.590,NULL,5,NULL
419,NULL,NULL,PE zin 6x11,NULL,NULL,NULL,NULL,NULL,NULL,NULL,NULL,NULL,NULL,1,2020-02-26 10:07:57.147,NULL,5,NULL
420,NULL,NULL,PE zin 6x14,NULL,NULL,NULL,NULL,NULL,NULL,NULL,NULL,NULL,NULL,1,2020-02-26 10:08:08.137,NULL,5,NULL
421,NULL,NULL,PE đen 6x14,NULL,NULL,NULL,NULL,NULL,NULL,NULL,NULL,NULL,NULL,1,2020-02-26 10:14:36.183,NULL,5,NULL
422,NULL,NULL,Qx PE 20x30,NULL,NULL,NULL,NULL,NULL,NULL,NULL,NULL,NULL,NULL,1,2020-02-26 10:19:48.600,NULL,5,NULL
423,NULL,NULL,Qx PE 25x38,NULL,NULL,NULL,NULL,NULL,NULL,NULL,NULL,NULL,NULL,1,2020-02-26 10:21:05.157,NULL,5,NULL
424,NULL,NULL,Kiện xốp lớn,NULL,NULL,NULL,NULL,NULL,NULL,NULL,NULL,NULL,NULL,1,2023-02-10 18:25:57.437,NULL,5,NULL
425,NULL,NULL,bao thùng,NULL,NULL,NULL,NULL,NULL,NULL,NULL,NULL,NULL,NULL,1,2023-08-28 12:18:15.640,NULL,5,NULL
426,NULL,NULL,phuy nhựa đen,NULL,NULL,NULL,NULL,NULL,NULL,NULL,NULL,NULL,NULL,1,2024-09-10 15:32:39.990,2024-09-10 15:41:01.427,3,3
427,NULL,NULL,OPP 15x23,NULL,NULL,NULL,NULL,NULL,NULL,NULL,NULL,NULL,NULL,1,2024-10-17 17:45:18.917,NULL,6,NULL
